{"Logistic Regression": 0.8670212765957447, "Random Forest": 0.8829787234042553, "Decision Tree": 0.851063829787234}